body_compound,body_neg,body_neu,body_pos,label
0.007918181818181809,0.08436363636363636,0.8484545454545455,0.06718181818181819,fake
-0.18589629629629628,0.12944444444444447,0.8334444444444445,0.03711111111111111,fake
0.22526153846153846,0.012923076923076924,0.8243076923076924,0.16284615384615383,fake
-0.04983636363636364,0.16354545454545455,0.7797272727272726,0.05672727272727273,fake
-0.2550884615384615,0.11973076923076922,0.8528461538461538,0.027423076923076925,fake
-0.22025999999999998,0.0928,0.8827,0.024399999999999998,fake
0.0,0.0,1.0,0.0,fake
0.19077500000000003,0.05456249999999999,0.7984375,0.14693750000000003,fake
-0.05916666666666665,0.11866666666666667,0.7042222222222223,0.1768888888888889,fake
-0.008987499999999992,0.0793,0.8432250000000001,0.077475,fake
0.09037142857142857,0.047857142857142855,0.883,0.06914285714285714,fake
-0.24931250000000002,0.114875,0.8135000000000001,0.07150000000000001,fake
-0.013918532818532803,0.05235521235521235,0.8988648648648653,0.0449150579150579,fake
0.28595454545454546,0.0,0.9055454545454545,0.09445454545454544,fake
0.052471428571428565,0.026714285714285715,0.9532857142857143,0.02,fake
-0.1767090909090909,0.11986363636363637,0.8023636363636363,0.07777272727272729,fake
0.061612,0.0384,0.8689199999999999,0.09272000000000002,fake
0.04117,0.06470000000000001,0.8256,0.10969999999999999,fake
-0.08350714285714286,0.05357142857142856,0.8872857142857143,0.05921428571428572,fake
-0.1231857142857143,0.059000000000000004,0.9410000000000001,0.0,fake
0.042379999999999994,0.04806666666666667,0.8767333333333334,0.07526666666666666,fake
-0.08135000000000003,0.10478571428571427,0.7595714285714286,0.13564285714285715,fake
-0.21763333333333335,0.09574999999999999,0.8299166666666665,0.07441666666666667,fake
-0.018975000000000002,0.09125,0.83,0.07875,fake
0.10219642857142856,0.005178571428571428,0.9575714285714286,0.037250000000000005,fake
-0.07905,0.0671,0.8655000000000002,0.06739999999999999,fake
0.1753,0.09225000000000001,0.80675,0.10112499999999999,fake
0.1824409090909091,0.02159090909090909,0.9079090909090911,0.07054545454545454,fake
0.07895384615384615,0.04346153846153847,0.8562307692307692,0.10030769230769229,fake
-0.2462375,0.113,0.859125,0.027875,fake
-0.07807777777777776,0.07322222222222222,0.8244444444444445,0.10233333333333333,fake
0.0839375,0.0,0.988375,0.011625,fake
-0.5742,0.213,0.7869999999999999,0.0,fake
-0.05319999999999999,0.06619148936170213,0.8735531914893617,0.06025531914893618,fake
0.3612,0.0,0.829,0.171,fake
-0.03345454545454546,0.1398181818181818,0.7817272727272727,0.07836363636363637,fake
-0.009752941176470582,0.04576470588235294,0.9326470588235294,0.021588235294117648,fake
-0.9186,0.382,0.618,0.0,fake
0.22662058823529407,0.05779411764705883,0.8167352941176469,0.1254117647058824,fake
0.0368974358974359,0.04448717948717949,0.8826666666666666,0.07282051282051281,fake
0.47942857142857154,0.04405714285714285,0.7436285714285713,0.21231428571428568,fake
0.18442857142857144,0.052142857142857144,0.769,0.17885714285714285,fake
0.19223928571428575,0.057,0.8183571428571428,0.12460714285714285,fake
0.10427083333333333,0.048249999999999994,0.85975,0.09200000000000001,fake
0.22760000000000002,0.04,0.6925,0.2675,fake
-0.12747142857142857,0.06057142857142857,0.9197857142857143,0.019714285714285715,fake
0.06257931034482758,0.06031034482758622,0.8700344827586207,0.06972413793103448,fake
-0.18464375,0.09724999999999998,0.8833124999999998,0.0194375,fake
0.19872,0.058300000000000005,0.82775,0.11410000000000001,fake
-0.07194545454545453,0.07570454545454544,0.8423636363636363,0.08186363636363636,fake
-0.03215263157894737,0.10231578947368421,0.8045526315789475,0.09313157894736843,fake
-0.08040000000000001,0.07733333333333332,0.876,0.04666666666666667,fake
-0.24595,0.1725,0.766,0.061,fake
-0.33467272727272723,0.18763636363636363,0.7653636363636362,0.047,fake
0.16685384615384619,0.04923076923076923,0.755230769230769,0.19553846153846152,fake
-0.022055999999999996,0.10892000000000003,0.8022399999999998,0.08884,fake
0.20968333333333336,0.03783333333333334,0.8218333333333333,0.14033333333333334,fake
0.0,0.0,1.0,0.0,fake
-0.10921999999999998,0.045799999999999993,0.9384,0.0158,fake
0.3677,0.027642857142857143,0.8231428571428572,0.14921428571428572,fake
-0.09675454545454545,0.10381818181818181,0.8228181818181818,0.07318181818181818,fake
0.180025,0.0,0.92425,0.07575,fake
0.11629999999999999,0.060899999999999996,0.82355,0.11555,fake
-0.19665,0.17071428571428574,0.7550714285714287,0.0742142857142857,fake
-0.1380483870967742,0.0948709677419355,0.8211290322580647,0.08403225806451614,fake
-0.24540303030303032,0.15448484848484845,0.7628181818181818,0.08272727272727275,fake
-0.032766666666666666,0.033777777777777775,0.907,0.059222222222222225,fake
-0.05803529411764707,0.05029411764705883,0.914,0.03570588235294118,fake
0.12564,0.0718,0.8206666666666668,0.10753333333333334,fake
0.25385454545454544,0.05545454545454545,0.8255454545454547,0.11890909090909091,fake
-0.052514285714285715,0.051357142857142844,0.9045714285714287,0.044071428571428574,fake
0.021179999999999997,0.0156,0.9616,0.0228,fake
-0.49772999999999995,0.16870000000000002,0.7726000000000001,0.058600000000000006,fake
0.19068000000000002,0.0512,0.8482,0.1006,fake
-0.10874166666666667,0.06116666666666667,0.9006666666666666,0.03816666666666667,fake
-0.05203571428571428,0.0655,0.9174285714285715,0.01707142857142857,fake
-0.122675,0.093,0.78525,0.12175,fake
0.11776666666666667,0.06941666666666667,0.82675,0.10391666666666666,fake
-0.8239166666666665,0.24349999999999997,0.7128333333333333,0.043833333333333335,fake
-0.11317272727272729,0.07145454545454545,0.8654545454545456,0.06318181818181819,fake
-0.018562500000000003,0.08797500000000001,0.7890250000000001,0.122875,fake
0.3274,0.06144444444444445,0.7905555555555555,0.14788888888888888,fake
-0.36755,0.277,0.723,0.0,fake
0.06375714285714286,0.06307142857142858,0.8251428571428571,0.11164285714285714,fake
0.10623636363636364,0.05118181818181819,0.878,0.07090909090909091,fake
0.2672875,0.037,0.8098749999999999,0.153125,fake
-0.198875,0.104875,0.841125,0.053812500000000006,fake
-0.021072727272727274,0.053772727272727285,0.8734090909090909,0.07277272727272727,fake
-0.12228181818181817,0.07118181818181818,0.8848181818181818,0.044,fake
-0.06904545454545453,0.07327272727272728,0.7897272727272727,0.137,fake
-0.10346666666666665,0.1351111111111111,0.7844444444444445,0.08033333333333333,fake
-0.0906,0.136,0.7594545454545454,0.10445454545454545,fake
-0.09532545454545456,0.0801090909090909,0.8648727272727275,0.05498181818181819,fake
0.021179999999999997,0.0156,0.9616,0.0228,fake
0.021179999999999997,0.0156,0.9616,0.0228,fake
0.06737272727272724,0.07490909090909091,0.7959090909090908,0.12927272727272726,fake
-0.25714000000000004,0.1351,0.7931999999999999,0.0718,fake
-0.16205,0.09833333333333333,0.7523333333333332,0.14916666666666667,fake
-0.03690000000000001,0.051666666666666666,0.9223333333333333,0.026,fake
0.23843793103448283,0.07055172413793102,0.8081034482758621,0.12117241379310345,fake
0.008122222222222216,0.05766666666666667,0.8976666666666667,0.04466666666666667,fake
0.10402666666666667,0.07966666666666668,0.8330666666666666,0.08726666666666666,fake
-0.0386,0.0575,0.9425,0.0,fake
0.03686,0.0856,0.7804,0.134,fake
0.02884651162790698,0.054953488372093025,0.8495813953488371,0.09546511627906976,fake
-0.6908,0.343,0.657,0.0,fake
0.29503,0.0166,0.8194999999999999,0.16390000000000002,fake
-0.11929285714285716,0.05864285714285714,0.9059285714285713,0.0355,fake
-0.14135625000000002,0.1316875,0.7985625,0.06975,fake
-0.143775,0.10600000000000001,0.8238749999999999,0.070125,fake
0.12737777777777776,0.03305555555555555,0.8635000000000002,0.10344444444444445,fake
0.13585,0.13908333333333334,0.66675,0.19408333333333336,fake
0.001529999999999998,0.032799999999999996,0.9292999999999999,0.0379,fake
0.09178709677419357,0.11219354838709679,0.7637741935483869,0.1239677419354839,fake
0.2751842105263158,0.04694736842105264,0.8421578947368422,0.11089473684210525,fake
-0.7845,0.384,0.502,0.114,fake
0.6369,0.0,0.682,0.318,fake
-0.0964,0.10542857142857143,0.8167142857142856,0.07771428571428571,fake
0.19921250000000001,0.039874999999999994,0.8715000000000002,0.08875000000000001,fake
0.06398139534883723,0.061837209302325585,0.8477674418604652,0.09044186046511629,fake
0.029039999999999993,0.10460000000000003,0.7873,0.10805000000000001,fake
0.14575789473684214,0.04678947368421053,0.8653157894736844,0.08784210526315789,fake
0.023633333333333336,0.09309523809523809,0.8052380952380952,0.10166666666666666,fake
-0.00011666666666668157,0.07658333333333332,0.8552499999999998,0.06825,fake
0.13758928571428572,0.08532142857142858,0.7866428571428573,0.128,fake
0.18442857142857144,0.052142857142857144,0.769,0.17885714285714285,fake
0.09197692307692308,0.08576923076923076,0.8047692307692308,0.10938461538461539,fake
0.07627058823529412,0.05794117647058824,0.8068235294117647,0.07647058823529412,fake
-0.2597555555555556,0.09588888888888888,0.8727777777777779,0.03133333333333334,fake
0.054623076923076934,0.06876923076923078,0.7918461538461539,0.13953846153846153,fake
0.021179999999999997,0.0156,0.9616,0.0228,fake
0.30055714285714286,0.057857142857142864,0.7527142857142858,0.18942857142857142,fake
-0.104575,0.10385,0.8293999999999999,0.0667,fake
-0.21541578947368417,0.11042105263157893,0.8134736842105262,0.07600000000000001,fake
0.06690000000000002,0.06061538461538462,0.8582307692307692,0.08115384615384615,fake
-0.09934285714285715,0.019714285714285715,0.9802857142857143,0.0,fake
-0.22015555555555558,0.0681111111111111,0.9125555555555557,0.01933333333333333,fake
-0.37284,0.1498,0.8502000000000001,0.0,fake
0.08414545454545454,0.08,0.7864545454545454,0.13354545454545452,fake
-0.13381886792452832,0.1338679245283019,0.8020188679245281,0.06409433962264151,fake
0.2781,0.0,0.8574999999999999,0.1425,fake
-0.06563571428571428,0.047285714285714285,0.8581428571428571,0.023071428571428573,fake
0.16785714285714287,0.07985714285714285,0.7697142857142857,0.15042857142857144,fake
0.2263,0.062,0.829,0.109,fake
-0.1427,0.092,0.854875,0.053250000000000006,fake
-0.09974,0.0588,0.9076000000000001,0.0334,fake
-0.3191777777777778,0.10866666666666666,0.8371111111111111,0.05388888888888889,fake
-0.18956111111111112,0.07005555555555557,0.9097222222222222,0.020277777777777777,fake
-0.0036055555555555502,0.07333333333333332,0.7923888888888889,0.13422222222222221,fake
0.0,0.0,1.0,0.0,fake
0.4601833333333334,0.044833333333333336,0.8376666666666667,0.11766666666666666,fake
-0.12243076923076925,0.09730769230769233,0.8460769230769232,0.05665384615384616,fake
0.0,0.0,1.0,0.0,fake
0.021179999999999997,0.0156,0.9616,0.0228,fake
0.018950000000000022,0.09700000000000002,0.7418333333333335,0.16133333333333336,fake
0.04477241379310344,0.04465517241379311,0.881758620689655,0.07358620689655174,fake
-0.15228461538461538,0.12515384615384617,0.7853846153846153,0.08938461538461538,fake
0.0,0.0,1.0,0.0,fake
-0.23074666666666668,0.11200000000000002,0.8545333333333333,0.0334,fake
0.09053529411764703,0.0471764705882353,0.8878823529411765,0.06488235294117647,fake
-0.02108888888888889,0.0655,0.837388888888889,0.09722222222222222,fake
0.015073913043478264,0.07226086956521739,0.8592608695652173,0.06847826086956522,fake
0.11832222222222225,0.031111111111111114,0.8974444444444445,0.07144444444444445,fake
-0.3182,0.10657142857142857,0.8676428571428572,0.025785714285714283,fake
0.08688888888888889,0.051,0.8725555555555556,0.0764074074074074,fake
-0.10448571428571428,0.14092857142857146,0.7322857142857142,0.1267142857142857,fake
-0.0782,0.14141176470588235,0.7309411764705883,0.12758823529411764,fake
-0.17523636363636363,0.10545454545454547,0.8626363636363638,0.03172727272727273,fake
0.0231375,0.05431250000000001,0.8660000000000002,0.07962499999999999,fake
-0.06707692307692309,0.09469230769230769,0.8463846153846154,0.05892307692307692,fake
0.021179999999999997,0.0156,0.9616,0.0228,fake
0.16179767441860468,0.027558139534883716,0.8842093023255813,0.08816279069767445,fake
0.021179999999999997,0.0156,0.9616,0.0228,fake
-0.3799461538461539,0.13761538461538458,0.8343846153846154,0.028,fake
0.037355000000000006,0.11145000000000001,0.7506,0.13785,fake
-0.08081999999999998,0.11373333333333333,0.8041999999999999,0.082,fake
0.08214545454545454,0.05372727272727273,0.8669999999999999,0.07936363636363636,fake
-0.26929166666666665,0.09375,0.8702500000000001,0.036,fake
-0.009752941176470582,0.04576470588235294,0.9326470588235294,0.021588235294117648,fake
0.04247499999999999,0.09941666666666667,0.80675,0.09383333333333332,fake
0.06788421052631581,0.07778947368421052,0.8354736842105264,0.08657894736842105,fake
-0.09992500000000001,0.09087500000000001,0.852,0.0571875,fake
-0.012971875000000006,0.07681249999999999,0.8132499999999999,0.10984374999999998,fake
-0.0522909090909091,0.10563636363636365,0.8163636363636364,0.07781818181818181,fake
0.27232,0.031799999999999995,0.8865999999999999,0.0816,fake
-0.1643,0.1225,0.8069999999999999,0.0705,fake
-0.14367857142857146,0.08392857142857144,0.8813571428571432,0.03471428571428571,fake
0.02110500000000001,0.0856,0.82735,0.0871,fake
-0.14063636363636364,0.046,0.9427272727272729,0.011272727272727273,fake
-0.40005,0.1235,0.8765000000000001,0.0,fake
0.09972,0.028000000000000004,0.9093,0.0627,fake
-0.14321666666666666,0.13183333333333333,0.6495000000000001,0.052,fake
0.07009523809523809,0.09442857142857142,0.8153809523809523,0.09033333333333332,fake
0.021179999999999997,0.0156,0.9616,0.0228,fake
0.3264,0.07233333333333333,0.7355,0.19200000000000003,fake
-0.017661538461538458,0.16992307692307693,0.7276153846153848,0.10253846153846154,fake
0.056038095238095234,0.0660952380952381,0.8220476190476189,0.1118095238095238,fake
0.07224,0.028599999999999997,0.9182,0.053200000000000004,fake
-0.003280000000000005,0.08660000000000001,0.8208,0.0922,fake
-0.23177619047619044,0.07247619047619047,0.9199047619047618,0.007619047619047619,fake
-0.09288695652173913,0.13252173913043477,0.7989130434782608,0.06860869565217391,fake
-0.0028666666666666654,0.015666666666666666,0.9660000000000001,0.018333333333333333,fake
0.2263,0.062,0.829,0.109,fake
0.04192727272727271,0.04454545454545455,0.8918181818181818,0.06363636363636364,fake
-0.08746428571428573,0.05928571428571429,0.8945,0.04628571428571428,fake
-0.2259111111111111,0.2418888888888889,0.7097777777777778,0.048222222222222215,fake
-0.119675,0.10685000000000003,0.8232000000000002,0.07005,fake
-0.1013,0.0974,0.8479333333333333,0.05466666666666667,fake
-0.2023,0.07,0.93,0.0,fake
0.6272,0.039,0.814,0.147,fake
0.022852173913043516,0.08665217391304347,0.812695652173913,0.10060869565217391,fake
-0.24979999999999997,0.11812500000000001,0.8330000000000001,0.04875,fake
-0.2355214285714286,0.13125000000000003,0.7904285714285714,0.07825,fake
0.12948571428571426,0.09971428571428573,0.8325714285714286,0.06771428571428571,fake
0.0,0.0,1.0,0.0,fake
0.3361058823529412,0.013235294117647057,0.7833529411764706,0.20341176470588232,fake
-0.25244,0.0947,0.8768,0.028500000000000004,fake
-0.21493478260869567,0.14456521739130435,0.7971739130434783,0.05826086956521739,fake
0.11983846153846155,0.0,0.9499230769230768,0.05007692307692308,fake
0.021179999999999997,0.0156,0.9616,0.0228,fake
0.15674895833333338,0.04465625000000001,0.8614375000000005,0.09391666666666669,fake
0.12040000000000001,0.0,0.9383333333333334,0.06166666666666667,fake
-0.36755,0.277,0.723,0.0,fake
-0.299425,0.13108333333333336,0.8352500000000002,0.033666666666666664,fake
-0.049877777777777785,0.0791111111111111,0.8241111111111111,0.09666666666666666,fake
0.0020205882352941147,0.06966176470588237,0.8747205882352942,0.055617647058823515,fake
-0.29016296296296296,0.16366666666666665,0.7689999999999999,0.0672962962962963,fake
-0.09507272727272727,0.09942424242424244,0.8171818181818179,0.08342424242424243,fake
-0.19346000000000002,0.11099999999999999,0.8433999999999999,0.0456,fake
0.2679111111111111,0.028555555555555556,0.8415555555555556,0.13,fake
0.026618181818181808,0.09499999999999999,0.8149545454545456,0.09004545454545455,fake
0.18959285714285715,0.04664285714285714,0.8477857142857143,0.10557142857142857,fake
0.5348071428571429,0.0,0.8425,0.1575,fake
0.0,0.0,1.0,0.0,fake
-0.0126,0.18262499999999998,0.727625,0.08962499999999998,fake
0.5851000000000001,0.0,0.62425,0.37575000000000003,fake
-0.47056666666666674,0.16466666666666666,0.8180833333333332,0.017333333333333336,fake
0.08250500000000001,0.0413,0.9117500000000002,0.0469,fake
0.15558888888888886,0.03633333333333333,0.8973333333333332,0.06633333333333334,fake
-0.34324705882352946,0.1277058823529412,0.845235294117647,0.026999999999999996,fake
0.0124,0.024999999999999998,0.9339000000000001,0.041100000000000005,fake
0.10315555555555556,0.034722222222222224,0.8937777777777778,0.0715,fake
0.15293888888888887,0.041777777777777775,0.8686111111111112,0.08955555555555555,fake
0.08064210526315788,0.07489473684210526,0.8002105263157894,0.12489473684210525,fake
0.16380714285714285,0.027214285714285715,0.9126428571428572,0.06014285714285715,fake
-0.1508604166666667,0.11716666666666666,0.8172083333333333,0.06566666666666668,fake
0.11111599999999999,0.008960000000000001,0.95732,0.03368,fake
0.04709999999999999,0.07296,0.85238,0.07464000000000001,fake
-0.4541636363636364,0.18845454545454546,0.7988181818181819,0.012727272727272728,fake
-0.2513714285714285,0.09614285714285715,0.8658571428571429,0.038,fake
-0.1451444444444444,0.11755555555555557,0.8097777777777778,0.07277777777777777,fake
-0.16016,0.1059,0.8529,0.0413,fake
-0.07046666666666668,0.08083333333333333,0.8613333333333334,0.05783333333333333,fake
0.02178571428571428,0.0855,0.6475714285714286,0.2669285714285714,fake
-0.0319,0.123,0.7695000000000001,0.1075,fake
-0.3023476190476191,0.15657142857142856,0.7881904761904762,0.05514285714285714,fake
-0.2662285714285715,0.13881632653061227,0.8177959183673469,0.04342857142857142,fake
0.0,0.0,1.0,0.0,fake
-0.135575,0.05,0.95,0.0,fake
-0.23332999999999998,0.0746,0.8933,0.032100000000000004,fake
0.1829333333333333,0.009,0.9136666666666667,0.07733333333333332,fake
-0.09521333333333334,0.12433333333333335,0.7923333333333336,0.08339999999999999,fake
0.002554838709677414,0.08793548387096774,0.8064516129032258,0.10558064516129033,fake
0.015071186440677979,0.09220338983050846,0.8359830508474575,0.07183050847457628,fake
0.09661874999999999,0.049187499999999995,0.9025624999999998,0.0481875,fake
-0.009752941176470582,0.04576470588235294,0.9326470588235294,0.021588235294117648,fake
0.14683157894736845,0.033736842105263155,0.8636842105263158,0.10252631578947369,fake
0.008674074074074086,0.0777037037037037,0.808222222222222,0.1141851851851852,fake
0.021179999999999997,0.0156,0.9616,0.0228,fake
0.21075,0.0,0.7085,0.2915,fake
-0.18974186046511626,0.12930232558139534,0.8397674418604655,0.03095348837209302,fake
0.0,0.0,1.0,0.0,fake
-0.18342941176470592,0.07164705882352941,0.8903529411764706,0.03805882352941176,fake
0.25731249999999994,0.017175000000000003,0.848175,0.13465,fake
0.5851000000000001,0.0,0.62425,0.37575000000000003,fake
0.6063500000000001,0.0,0.7163333333333334,0.2836666666666667,fake
-0.17759999999999998,0.09441666666666666,0.86175,0.04383333333333334,fake
-0.1393888888888889,0.10661111111111113,0.8316666666666667,0.061777777777777786,fake
0.03746363636363636,0.048090909090909094,0.8957272727272727,0.05618181818181818,fake
-0.2034111111111111,0.14100000000000001,0.7723333333333333,0.08666666666666667,fake
0.023158333333333326,0.10010416666666665,0.7753333333333333,0.12460416666666667,fake
0.03801818181818181,0.10836363636363636,0.7537272727272728,0.13790909090909093,fake
-0.0029181818181818198,0.03145454545454545,0.9421818181818182,0.026363636363636363,fake
0.1806,0.0,0.9075,0.0925,fake
-0.14436400000000002,0.10248000000000002,0.8837600000000001,0.01376,fake
-0.053928571428571444,0.062142857142857146,0.8878571428571428,0.05,fake
-0.38739375,0.1590625,0.7975625000000003,0.043562500000000004,fake
-0.19353636363636365,0.09699999999999999,0.8623636363636364,0.04063636363636363,fake
0.04842222222222222,0.07622222222222222,0.8293333333333335,0.09455555555555556,fake
-0.23963636363636365,0.14536363636363636,0.7546363636363637,0.10009090909090909,fake
0.27731538461538463,0.016538461538461537,0.8463076923076923,0.13715384615384615,fake
0.009236363636363635,0.051727272727272726,0.8717272727272728,0.07663636363636364,fake
0.25856666666666667,0.002777777777777778,0.9281111111111113,0.06911111111111111,fake
-0.5106,0.169,0.751,0.08,fake
0.010108333333333322,0.09166666666666667,0.8326666666666666,0.07558333333333334,fake
0.07715333333333332,0.045233333333333334,0.8825333333333332,0.07223333333333333,fake
0.0,0.0,1.0,0.0,fake
0.28794444444444445,0.0,0.9053333333333333,0.09466666666666666,fake
0.34,0.0,0.455,0.545,fake
0.2741767857142857,0.055214285714285716,0.8045357142857142,0.14025,fake
0.15819090909090908,0.15854545454545454,0.6420909090909089,0.19936363636363638,fake
-0.3543071428571429,0.15685714285714283,0.7672142857142858,0.07589285714285716,fake
0.021179999999999997,0.0156,0.9616,0.0228,fake
-0.10079152542372881,0.06371186440677967,0.9187457627118644,0.017559322033898307,fake
-0.2964636363636364,0.13036363636363638,0.8204545454545454,0.04909090909090908,fake
0.0,0.0,1.0,0.0,fake
0.3612,0.0,0.829,0.171,fake
0.04304285714285714,0.052785714285714276,0.8774285714285714,0.06985714285714285,fake
-0.3244666666666666,0.09066666666666667,0.8546666666666667,0.055,fake
-0.20687096774193553,0.11061290322580644,0.8523548387096772,0.03703225806451613,fake
-0.33525,0.0875,0.9125,0.0,fake
0.14761886792452827,0.050320754716981136,0.8689433962264151,0.08073584905660379,fake
0.2818285714285714,0.029428571428571432,0.8648571428571428,0.10571428571428573,fake
0.13674545454545456,0.025590909090909088,0.921181818181818,0.05318181818181819,fake
-0.10541194029850746,0.10402985074626862,0.8171044776119402,0.06397014925373133,fake
0.07702631578947366,0.041263157894736835,0.8692368421052631,0.08947368421052632,fake
-0.1097681818181818,0.07745454545454546,0.8865454545454547,0.03604545454545455,fake
0.2127544444444445,0.005988888888888888,0.9170666666666665,0.07694444444444441,fake
0.03860476190476189,0.11942857142857143,0.7805238095238094,0.10004761904761905,fake
0.021179999999999997,0.0156,0.9616,0.0228,fake
-0.21047777777777776,0.10988888888888887,0.868,0.022111111111111113,fake
0.12466666666666669,0.03333333333333333,0.9081666666666667,0.058499999999999996,fake
-0.04708571428571428,0.09728571428571431,0.8044000000000001,0.09825714285714285,fake
-0.03293684210526317,0.08031578947368423,0.8176315789473684,0.10215789473684211,fake
-0.027150000000000007,0.069,0.879,0.052000000000000005,fake
-0.07284615384615385,0.06992307692307692,0.8635384615384616,0.06653846153846155,fake
0.14033653846153846,0.07330769230769231,0.7681153846153846,0.1585961538461538,fake
-0.24549281437125736,0.12605988023952094,0.8264311377245511,0.04752694610778442,fake
-0.029875000000000023,0.07841666666666665,0.8680833333333333,0.0535,fake
0.74314,0.0092,0.8423999999999999,0.1484,fake
0.32655625,0.0100625,0.905,0.0849375,fake
-0.13444545454545456,0.08218181818181818,0.8543636363636363,0.06336363636363636,fake
0.0,0.0,1.0,0.0,fake
0.32574285714285717,0.06885714285714285,0.5695714285714286,0.3615714285714286,fake
-0.2832142857142857,0.12671428571428572,0.8235714285714285,0.04971428571428571,fake
-0.03804,0.08015,0.8410500000000001,0.07880000000000001,fake
-0.14715945945945946,0.12637837837837837,0.8107567567567566,0.06289189189189189,fake
-0.12423846153846153,0.13571153846153844,0.8096153846153845,0.05467307692307692,fake
0.021179999999999997,0.0156,0.9616,0.0228,fake
0.19578333333333334,0.0,0.9508333333333333,0.049166666666666664,fake
0.16037500000000002,0.052875,0.8725,0.074625,fake
0.0740375,0.0248125,0.8778125,0.034875,fake
0.13042857142857142,0.03314285714285714,0.8855714285714286,0.08128571428571428,fake
0.09505238095238096,0.03938095238095238,0.8630476190476192,0.09761904761904763,fake
0.19672,0.0512,0.7978,0.15099999999999997,fake
-0.19827999999999996,0.0616,0.9007999999999999,0.0376,fake
-0.16024444444444447,0.08566666666666667,0.8747777777777777,0.03966666666666666,fake
0.14136764705882346,0.048558823529411765,0.8509117647058824,0.10055882352941176,fake
-0.15462500000000004,0.09075,0.87075,0.0385,fake
0.12040000000000001,0.0,0.9823333333333334,0.017666666666666667,fake
0.19151428571428572,0.04421428571428571,0.8867857142857144,0.06892857142857142,fake
-0.4020818181818182,0.14681818181818185,0.8195454545454546,0.033545454545454545,fake
-0.33262083333333337,0.15220833333333336,0.8315416666666667,0.016166666666666666,fake
-0.081645,0.1268,0.8229499999999998,0.05025,fake
-0.20619999999999997,0.12415384615384616,0.8515384615384616,0.024307692307692308,fake
-0.1980307692307692,0.11692307692307692,0.8173076923076923,0.06573076923076923,fake
0.0,0.0,1.0,0.0,fake
0.028669999999999994,0.0536,0.8274000000000001,0.11900000000000002,fake
0.5574,0.0,0.69,0.31,fake
0.10198837209302325,0.04420930232558139,0.8990697674418604,0.05674418604651163,fake
-0.3719111111111111,0.19033333333333333,0.6691111111111111,0.14044444444444446,fake
0.10254285714285716,0.07007142857142856,0.8350000000000001,0.09507142857142857,fake
0.10716666666666663,0.08466666666666667,0.8006666666666667,0.11499999999999999,fake
-0.27527999999999997,0.1308,0.8144,0.0548,fake
-0.13443999999999998,0.1242,0.8251999999999999,0.0506,fake
-0.19963750000000005,0.167875,0.7407499999999999,0.09133333333333334,fake
-0.06976111111111111,0.1408888888888889,0.7376111111111112,0.12150000000000001,fake
-0.19353636363636365,0.09699999999999999,0.8623636363636364,0.04063636363636363,fake
0.12918125000000003,0.060875,0.8133125000000001,0.12581250000000002,fake
0.56475,0.0,0.4715,0.5285,fake
-0.2723541666666666,0.1449166666666667,0.7802083333333333,0.074875,fake
0.12040000000000001,0.0,0.9523333333333334,0.04766666666666666,fake
0.129328,0.017720000000000003,0.9097199999999998,0.07264,fake
-0.13941428571428574,0.06407142857142857,0.8875714285714286,0.048428571428571425,fake
-0.04915666666666667,0.0706,0.8839333333333332,0.04543333333333333,fake
-0.24296250000000003,0.169125,0.799625,0.031125,fake
-0.13874411764705885,0.11179411764705882,0.8108823529411765,0.07729411764705883,fake
0.66315,0.0,0.5977999999999999,0.40219999999999995,fake
-0.1978673469387755,0.11173469387755103,0.8483673469387754,0.039877551020408165,real
0.06364462962962962,0.06281851851851852,0.8390203703703705,0.09817222222222219,real
0.04334076923076921,0.09286923076923077,0.777269230769231,0.12980769230769226,real
0.1258,0.0,0.9103333333333333,0.08966666666666667,real
-0.08139659574468078,0.13844255319148938,0.7491914893617021,0.11238297872340428,real
0.04896990740740742,0.05975694444444445,0.8563287037037041,0.08392129629629631,real
0.30001943319838065,0.03835222672064778,0.8166761133603238,0.14495141700404868,real
0.034242487046632124,0.11060103626943005,0.7663471502590676,0.12303108808290154,real
0.02227627118644068,0.04249152542372882,0.9067796610169491,0.05074576271186442,real
0.23485,0.11599999999999999,0.7779999999999999,0.10625,real
0.06189714285714285,0.08285714285714287,0.7973714285714286,0.11977142857142857,real
0.29288571428571425,0.036,0.7987142857142856,0.16528571428571426,real
0.20095,0.0,0.763,0.237,real
0.039775,0.0,0.985125,0.014875,real
0.5234444444444445,0.0,0.8858888888888887,0.11411111111111112,real
-0.007658333333333336,0.04866666666666667,0.8398333333333334,0.04895833333333333,real
0.0,0.0,1.0,0.0,real
-0.1688095238095238,0.11019047619047617,0.8428333333333335,0.04695238095238095,real
0.018870370370370367,0.06714814814814815,0.841574074074074,0.09129629629629632,real
0.4158,0.0,0.7025,0.2975,real
0.0,0.0,1.0,0.0,real
0.4158,0.0,0.7025,0.2975,real
-0.02614285714285714,0.05257142857142857,0.9158571428571428,0.03157142857142857,real
-0.6516,0.2565,0.7435,0.0,real
0.09854282828282813,0.06140202020202018,0.8166343434343429,0.1219696969696969,real
0.20095,0.0,0.874,0.126,real
0.15527179487179485,0.031794871794871796,0.8464615384615385,0.12174358974358974,real
0.0,0.0,1.0,0.0,real
0.12613684210526319,0.01542105263157895,0.871263157894737,0.11331578947368422,real
0.02123636363636363,0.05577272727272728,0.8701363636363637,0.07404545454545454,real
0.0285063492063492,0.0668095238095238,0.8478412698412698,0.08534920634920633,real
0.08429647887323943,0.06107042253521127,0.8473169014084502,0.0916197183098592,real
0.10606666666666666,0.0,0.8553333333333333,0.14466666666666667,real
0.20095,0.0,0.635,0.365,real
0.17950833333333338,0.05369444444444445,0.8165,0.12983333333333336,real
0.5398000000000001,0.0,0.8795,0.1205,real
0.20095,0.0,0.874,0.126,real
0.13391706161137443,0.0772559241706161,0.8053886255924171,0.11740284360189572,real
0.021616666666666645,0.09033333333333333,0.8218333333333332,0.08800000000000001,real
0.1574951219512195,0.06912195121951219,0.7872926829268293,0.14353658536585365,real
-0.2055346666666667,0.08065333333333331,0.8886933333333331,0.03062666666666667,real
0.0839375,0.0,0.988375,0.011625,real
0.08793157894736842,0.07263157894736844,0.8339210526315789,0.09347368421052632,real
-0.0660036231884058,0.09029710144927537,0.8353405797101451,0.07438405797101452,real
0.009477631578947354,0.10356578947368421,0.7437236842105265,0.10010526315789475,real
-0.2261,0.12068,0.8073600000000001,0.07192,real
0.039775,0.0,0.985125,0.014875,real
0.298,0.005222222222222222,0.9139999999999999,0.08077777777777778,real
0.03935968109339408,0.06000683371298405,0.8620615034168566,0.07792482915717543,real
-0.08268333333333333,0.11516666666666668,0.8613333333333334,0.023499999999999997,real
0.09799090909090907,0.07131818181818182,0.8039545454545454,0.12481818181818181,real
0.0,0.0,1.0,0.0,real
0.7717,0.0,0.769,0.231,real
0.16985,0.0,0.8125,0.1875,real
0.20095,0.0,0.635,0.365,real
0.12480000000000001,0.03314285714285715,0.8929285714285714,0.07378571428571427,real
0.0882817966903071,0.05234278959810877,0.8415508274231676,0.10610401891252952,real
0.1272,0.027722222222222218,0.9155833333333333,0.05675,real
0.09155110294117645,0.06888602941176471,0.7342500000000004,0.06819117647058824,real
-0.025924999999999993,0.09816666666666667,0.8210000000000001,0.08083333333333334,real
0.31578125,0.03509374999999999,0.836875,0.128,real
0.07955,0.0,0.8915,0.1085,real
-0.0276,0.093,0.817,0.09,real
0.09791210121012087,0.05849834983498352,0.8343586358635856,0.10713751375137515,real
-0.268475,0.16749999999999998,0.753125,0.0795,real
0.04089895833333334,0.06125173611111112,0.8507864583333336,0.08797222222222227,real
0.0,0.0,1.0,0.0,real
0.09800937500000001,0.05356250000000001,0.8462500000000003,0.10015624999999999,real
-0.12040000000000001,0.023333333333333334,0.9766666666666667,0.0,real
0.2060914285714286,0.08520000000000001,0.7403142857142858,0.17451428571428568,real
0.4462625,0.03525,0.767875,0.196875,real
0.010345454545454547,0.016181818181818183,0.9048181818181817,0.07909090909090909,real
0.14121403508771932,0.007526315789473684,0.8989999999999998,0.0934736842105263,real
-0.2873444444444445,0.1298888888888889,0.8429999999999999,0.02711111111111111,real
0.9823,0.024,0.832,0.144,real
0.2321275,0.039775000000000005,0.8684,0.09179999999999999,real
0.0,0.0,1.0,0.0,real
0.02867123287671233,0.035575342465753425,0.9206575342465754,0.04375342465753424,real
0.0,0.0,1.0,0.0,real
-0.07247083333333336,0.06770833333333333,0.8788333333333336,0.05345833333333333,real
0.15100748387096755,0.03990709677419353,0.8645870967741928,0.09550838709677416,real
0.0,0.0,1.0,0.0,real
0.4158,0.0,0.7025,0.2975,real
0.08676438152011905,0.058573770491803276,0.8285365126676604,0.11288524590163926,real
0.07065422138836774,0.054662288930581615,0.8506829268292682,0.09465666041275786,real
0.9201,0.0,0.927,0.073,real
0.21920434782608694,0.07621739130434782,0.7325217391304347,0.1911304347826087,real
-0.15336666666666668,0.009666666666666667,0.9586666666666667,0.03166666666666667,real
-0.040185,0.07925,0.8294,0.09129999999999999,real
0.18107142857142855,0.04217582417582417,0.8736813186813186,0.08412087912087911,real
0.20575,0.0,0.9028333333333333,0.09716666666666667,real
0.8481,0.0,0.649,0.351,real
-0.16718958333333334,0.07470833333333333,0.9030208333333336,0.022291666666666668,real
0.34,0.0,0.455,0.545,real
0.461823076923077,0.02076923076923077,0.7316153846153847,0.24761538461538463,real
0.20095,0.0,0.635,0.365,real
0.13482352941176473,0.04564705882352941,0.8332941176470589,0.12123529411764705,real
-0.11973829787234044,0.0996808510638298,0.8468936170212767,0.053468085106382984,real
-0.23055750000000003,0.1559,0.7715500000000002,0.07252500000000002,real
0.16566666666666668,0.006222222222222223,0.9128888888888889,0.08077777777777778,real
0.10924999999999999,0.04475,0.7515,0.20375,real
-0.014333333333333345,0.049666666666666665,0.8879999999999999,0.06233333333333333,real
-0.0276,0.093,0.817,0.09,real
-0.3615333333333333,0.104,0.8959999999999999,0.0,real
-0.08927142857142857,0.02514285714285714,0.9572857142857142,0.01757142857142857,real
0.4019,0.0,0.926,0.074,real
0.10726363636363635,0.053545454545454556,0.8558181818181818,0.09063636363636364,real
0.12552921348314602,0.07076404494382023,0.7944943820224721,0.13473033707865167,real
0.023966403162055356,0.06117391304347827,0.8758735177865614,0.06295256916996046,real
-0.04914,0.059,0.9128000000000001,0.028199999999999996,real
0.053295161290322565,0.08853225806451612,0.8182741935483872,0.09317741935483871,real
0.4019,0.0,0.926,0.074,real
0.07955,0.0,0.8915,0.1085,real
0.16795341880341869,0.03895085470085469,0.8547350427350426,0.10632478632478636,real
0.15144999999999997,0.03025,0.84575,0.124,real
0.20095,0.0,0.874,0.126,real
-0.0733153846153846,0.05384615384615385,0.8896923076923079,0.05646153846153846,real
0.04470437743190656,0.07097373540856029,0.8238035019455252,0.10523249027237354,real
0.023300176056338013,0.06992429577464791,0.841353873239436,0.08871478873239437,real
-0.15329722222222222,0.14555555555555555,0.7107083333333332,0.08818055555555557,real
0.0258,0.133,0.727,0.139,real
0.2541380952380952,0.07138095238095236,0.7840476190476189,0.14454761904761906,real
0.23630000000000004,0.022675675675675674,0.8589729729729729,0.1183783783783784,real
0.13375474137931015,0.0419719827586207,0.8116379310344828,0.14639439655172407,real
0.13426313725490185,0.04295424836601309,0.8498470588235288,0.10719607843137262,real
0.09949999999999998,0.022000000000000002,0.9129999999999999,0.065,real
0.03904600158353119,0.07667141726049086,0.8224734758511478,0.1008582739509105,real
0.13815,0.039913043478260864,0.8697608695652174,0.09031521739130435,real
0.0,0.0,1.0,0.0,real
0.08936641221374046,0.04520610687022901,0.867908396946565,0.0868854961832061,real
0.0,0.0,1.0,0.0,real
0.17977727272727276,0.057454545454545466,0.8085113636363638,0.13411363636363635,real
0.0,0.0,1.0,0.0,real
0.07955,0.0,0.8915,0.1085,real
0.01972673796791445,0.11734759358288771,0.7447486631016046,0.1378823529411765,real
0.16215,0.0,0.91875,0.08125,real
0.009505245901639349,0.07972131147540981,0.8278590163934426,0.09242622950819672,real
0.009110526315789489,0.11515789473684213,0.7556578947368425,0.1291842105263158,real
0.20095,0.0,0.635,0.365,real
0.06683317307692306,0.06451923076923077,0.8420961538461541,0.09338942307692306,real
0.19441432748538012,0.012102339181286548,0.9423011695906433,0.04559356725146201,real
0.11452,0.05783333333333333,0.8472000000000001,0.09500000000000001,real
0.10162,0.024,0.9068000000000002,0.0692,real
0.09803777777777781,0.04135555555555555,0.8572666666666666,0.10135555555555557,real
0.16895476190476189,0.04724404761904763,0.8231964285714289,0.12957142857142862,real
0.30518750000000006,0.02075,0.8734999999999999,0.10568749999999999,real
0.08503333333333331,0.05471212121212121,0.8795454545454542,0.06578787878787877,real
0.2707,0.0,0.8887142857142857,0.11128571428571428,real
0.0,0.0,1.0,0.0,real
0.12388574445617727,0.051970432946145756,0.8331879619852166,0.11484160506863769,real
0.07875142857142856,0.049114285714285714,0.8635142857142858,0.08734285714285715,real
0.2333179487179487,0.05564102564102564,0.7936923076923077,0.1506410256410256,real
-0.0490525,0.0595,0.8854999999999998,0.055025000000000004,real
0.15100748387096755,0.03990709677419353,0.8645870967741928,0.09550838709677416,real
0.5117481481481481,0.030703703703703702,0.7676666666666667,0.2016666666666667,real
0.07955,0.0,0.8915,0.1085,real
0.10737763157894738,0.05542105263157895,0.850578947368421,0.09398684210526316,real
0.34,0.121,0.678,0.201,real
0.050009090909090906,0.07048484848484848,0.846621212121212,0.08292424242424243,real
0.0,0.0,1.0,0.0,real
0.06837747126436783,0.05451034482758624,0.8484137931034483,0.09707586206896547,real
0.1890876404494382,0.042539325842696624,0.8113932584269664,0.14607865168539327,real
0.0536748447204969,0.06819254658385092,0.838935817805383,0.0928706004140787,real
-0.12199333333333333,0.174,0.7365333333333335,0.08946666666666665,real
0.14718571428571428,0.026857142857142857,0.8361428571428571,0.13699999999999998,real
0.09280665417057163,0.050754451733833195,0.8544451733833172,0.09479381443298969,real
0.19380999999999998,0.057050000000000003,0.8517999999999999,0.09114999999999998,real
0.10845555555555554,0.0216,0.9187777777777778,0.05962222222222223,real
0.02605599284436491,0.004667262969588552,0.9668354203935604,0.028497316636851518,real
0.0,0.0,1.0,0.0,real
0.02851634615384612,0.06227884615384616,0.8495673076923078,0.08814423076923081,real
0.0,0.0,1.0,0.0,real
0.29105000000000003,0.02175,0.87925,0.099,real
-0.2261,0.12068,0.8073600000000001,0.07192,real
0.07955,0.0,0.8915,0.1085,real
-0.0733142857142857,0.10214285714285713,0.7618571428571429,0.13599999999999998,real
0.20095,0.0,0.635,0.365,real
-0.312,0.020666666666666667,0.9746666666666667,0.004666666666666667,real
0.4158,0.0,0.7025,0.2975,real
0.0,0.0,1.0,0.0,real
0.0683,0.0,0.9844999999999999,0.0155,real
0.09678333333333333,0.144,0.7305,0.1255,real
0.24804285714285718,0.0,0.7532857142857143,0.2467142857142857,real
0.04227498075442644,0.07202848344880672,0.8260307929176293,0.10194611239414932,real
-0.2022,0.154,0.7784,0.0676,real
0.0,0.0,1.0,0.0,real
0.4019,0.0,0.926,0.074,real
0.17019487179487183,0.051487179487179485,0.8188717948717951,0.12966666666666665,real
-0.12288529411764705,0.06654411764705884,0.8980735294117643,0.03536764705882353,real
0.07955,0.0,0.8915,0.1085,real
-0.045579591836734684,0.07034693877551021,0.873,0.05665306122448979,real
0.0,0.0,1.0,0.0,real
0.07787683333333326,0.05299833333333334,0.8415516666666668,0.10545166666666667,real
0.18171654978962115,0.035614305750350655,0.8242412342215988,0.14014165497896197,real
0.1502346994535519,0.05487431693989072,0.8225273224043717,0.12261202185792343,real
0.07955,0.0,0.8915,0.1085,real
0.2996333333333333,0.0088,0.8952666666666668,0.09593333333333334,real
0.10845555555555554,0.0216,0.9187777777777778,0.05962222222222223,real
0.0,0.0,1.0,0.0,real
0.20095,0.0,0.635,0.365,real
0.046712500000000004,0.035187500000000003,0.8806875000000002,0.084125,real
0.1341446601941746,0.03724919093851134,0.8582168284789641,0.10453398058252425,real
0.05488918918918919,0.07281081081081081,0.8439729729729729,0.08321621621621623,real
0.04579499999999999,0.05395,0.8661625000000001,0.07985,real
0.6517,0.0,0.8610000000000001,0.139,real
0.04106823999999994,0.06451360000000002,0.8431320000000007,0.09234960000000006,real
-0.006508753315649859,0.07075862068965516,0.8491007957559684,0.08014854111405839,real
0.09280665417057163,0.050754451733833195,0.8544451733833172,0.09479381443298969,real
0.24886701030927832,0.04388659793814433,0.8233608247422678,0.13277319587628866,real
0.08967377049180325,0.0647377049180328,0.8508032786885245,0.08445901639344264,real
0.15338666666666667,0.029866666666666666,0.8875333333333334,0.0826,real
0.027382251082251084,0.08271212121212122,0.8112770562770564,0.10600865800865804,real
-0.12057272727272728,0.02554545454545455,0.9744545454545454,0.0,real
-0.09643636363636364,0.10245454545454545,0.8177272727272729,0.0799090909090909,real
-0.14361111111111108,0.10361111111111114,0.8448333333333333,0.051666666666666666,real
0.05488918918918919,0.07281081081081081,0.8439729729729729,0.08321621621621623,real
0.0,0.0,1.0,0.0,real
0.1273047619047619,0.08409523809523811,0.7969047619047619,0.11909523809523809,real
0.2817,0.0,0.9196666666666666,0.08033333333333333,real
0.9823,0.023,0.84,0.137,real
0.0,0.0,1.0,0.0,real
0.07310000000000001,0.0648,0.8698,0.06539999999999999,real
-0.020500000000000018,0.053,0.832,0.11499999999999999,real
0.08566045197740112,0.09151412429378529,0.7637570621468931,0.14472881355932207,real
0.14498,0.0256,0.9052,0.0692,real
0.08546470588235296,0.04320588235294117,0.862375,0.09441911764705885,real
0.0,0.0,1.0,0.0,real
0.1110879773691653,0.03677793493635077,0.8580990099009896,0.10512588401697312,real
0.15100748387096755,0.03990709677419353,0.8645870967741928,0.09550838709677416,real
0.024836734693877552,0.07638775510204081,0.845,0.07859183673469389,real
0.32345,0.0,0.8195000000000001,0.1805,real
-0.08493294117647057,0.0753764705882353,0.872835294117647,0.051788235294117635,real
-0.0917125,0.131125,0.7425000000000002,0.1263125,real
0.40080000000000005,0.0,0.8200000000000001,0.18,real
0.10840310981535474,0.05413799805636537,0.8335189504373177,0.11234402332361512,real
-0.10618688524590163,0.09283606557377051,0.8388524590163934,0.06827868852459017,real
0.0,0.0,1.0,0.0,real
-0.02785526315789473,0.06668421052631579,0.8844736842105265,0.04881578947368421,real
0.21255399999999994,0.04016,0.7363600000000001,0.22348000000000007,real
0.125,0.02,0.942,0.038,real
-0.029661702127659582,0.07019148936170211,0.8550212765957447,0.07485106382978723,real
0.0,0.08,0.861,0.059,real
0.9201,0.0,0.927,0.073,real
-0.007113368983957222,0.09086096256684495,0.8057593582887702,0.10335294117647059,real
-0.9274,0.336,0.617,0.047,real
0.06058345323741007,0.05337697841726617,0.880054676258993,0.06656402877697841,real
0.04834830508474576,0.04881355932203391,0.8839915254237289,0.06722881355932207,real
-0.057481538461538445,0.09819999999999998,0.8033692307692308,0.09841538461538461,real
0.10074393939393939,0.05146969696969695,0.8598939393939395,0.08865151515151515,real
0.0033906976744186076,0.11548837209302326,0.8066976744186045,0.07779069767441861,real
0.11473714285714287,0.043014285714285706,0.8581428571428571,0.09884285714285715,real
0.02511290322580644,0.03274193548387097,0.9116774193548386,0.05558064516129032,real
0.3905742857142856,0.04208571428571428,0.7883142857142856,0.16965714285714287,real
0.07955,0.0,0.8915,0.1085,real
0.10071404958677685,0.031206611570247924,0.8750578512396696,0.09373553719008265,real
0.2056827586206897,0.025137931034482756,0.8859310344827587,0.08889655172413792,real
0.0,0.0,1.0,0.0,real
0.0,0.0,1.0,0.0,real
-0.02851333333333333,0.08308333333333333,0.8399666666666668,0.07691666666666665,real
0.16678838951310865,0.034614232209737826,0.8576816479400757,0.10770786516853935,real
0.09731206896551725,0.06758620689655172,0.8270344827586207,0.10543103448275862,real
0.058909499999999865,0.05967199999999999,0.8549959999999994,0.08533299999999996,real
0.022404220183486263,0.07286422018348623,0.8421926605504588,0.08493761467889907,real
0.1261869565217391,0.04465217391304348,0.8541594202898553,0.10114492753623187,real
0.09765,0.0,0.9493333333333333,0.050666666666666665,real
0.22255000000000003,0.004,0.9465999999999999,0.0495,real
0.10880534521158128,0.04414476614699333,0.8489109131403116,0.10693986636971047,real
0.2618275280898875,0.012853932584269664,0.8773089887640453,0.1098314606741573,real
0.07507458193979935,0.05621739130434783,0.8691270903010037,0.07464214046822744,real
0.0024201680672268668,0.10467226890756304,0.7756386554621851,0.11971428571428568,real
0.4019,0.0,0.909,0.091,real
-0.1819,0.1585,0.7889999999999999,0.05225,real
0.4158,0.0,0.7025,0.2975,real
-0.062277777777777765,0.07016666666666665,0.8834444444444445,0.04638888888888889,real
0.11415841584158419,0.03565016501650165,0.8641584158415845,0.10018811881188124,real
0.01953125,0.12044791666666665,0.7511249999999999,0.12846874999999996,real
0.081325,0.058249999999999996,0.855875,0.08587499999999999,real
0.5060000000000001,0.02033333333333333,0.8106666666666666,0.16866666666666666,real
0.14194324324324326,0.02943243243243243,0.8994864864864864,0.07108108108108109,real
0.04316249999999999,0.0785625,0.853,0.0683125,real
-0.09782499999999998,0.07875000000000001,0.8544166666666665,0.06683333333333334,real
-0.0572,0.048,0.952,0.0,real
0.11670632411067193,0.07515415019762846,0.7980948616600795,0.12672727272727277,real
0.13164358974358975,0.05815384615384616,0.8434871794871793,0.09825641025641026,real
-0.2732,0.087,0.913,0.0,real
0.00573652694610779,0.08270059880239526,0.8252769461077842,0.09202395209580838,real
-0.28262727272727267,0.14376363636363634,0.7958909090909091,0.0603090909090909,real
-0.017270000000000032,0.0908,0.8266,0.08259999999999999,real
0.18463333333333334,0.0,0.8386666666666667,0.16133333333333333,real
-0.007321276595744674,0.03657446808510638,0.9349999999999998,0.02842553191489362,real
0.48416,0.0378,0.7952,0.1668,real
0.06172346368715086,0.0576312849162011,0.8509199255121039,0.09145065176908754,real
0.014459712230215827,0.0943525179856115,0.7845611510791364,0.12109352517985615,real
0.05629473684210529,0.07769059011164275,0.809131578947368,0.11317145135566174,real
0.10432344322344317,0.046093406593406584,0.8635842490842485,0.09032234432234436,real
0.047206902985074635,0.04941231343283582,0.8624682835820897,0.088115671641791,real
0.8306047619047616,0.04497619047619049,0.5037619047619049,0.4512619047619048,real
0.20095,0.0,0.635,0.365,real
-0.07600714285714286,0.11226785714285717,0.8329642857142855,0.05478571428571428,real
0.07422105263157897,0.03757894736842105,0.8926052631578947,0.06976315789473683,real
0.5977357142857144,0.0075,0.8175714285714284,0.17485714285714285,real
0.2672,0.0,0.9390000000000001,0.061,real
0.17721315789473682,0.017223684210526318,0.8614078947368419,0.12136842105263156,real
0.15676926406926403,0.037463203463203455,0.8404689754689761,0.12206782106782103,real
0.013431557377049185,0.056081967213114745,0.8524467213114759,0.09147540983606557,real
0.0,0.0,1.0,0.0,real
-0.1847888888888889,0.05666666666666667,0.9074444444444443,0.03588888888888889,real
0.16849000000000003,0.0189,0.9309499999999999,0.05015000000000001,real
0.2599225806451613,0.06961290322580645,0.7985483870967743,0.13174193548387095,real
0.016063876651982348,0.10196916299559468,0.7993259911894277,0.09870044052863435,real
0.20095,0.0,0.635,0.365,real
0.07955,0.0,0.8915,0.1085,real
0.0,0.0,1.0,0.0,real
-0.03572142857142857,0.11928571428571429,0.8134285714285713,0.0672857142857143,real
-0.31815,0.12776666666666667,0.8365333333333332,0.03563333333333333,real
0.20095,0.0,0.635,0.365,real
-0.0029857142857142803,0.03868571428571429,0.9191714285714285,0.04217142857142857,real
0.0,0.0,1.0,0.0,real
0.20095,0.0,0.635,0.365,real
0.20575,0.0,0.9028333333333333,0.09716666666666667,real
0.03668793859649123,0.07085087719298247,0.8367653508771928,0.09238157894736838,real
0.07100000000000001,0.0985,0.723,0.1785,real
0.10924999999999999,0.04475,0.7515,0.20375,real
0.009123333333333327,0.09713333333333334,0.7926666666666665,0.1102,real
-0.022460000000000004,0.08872727272727275,0.8105545454545454,0.09164545454545453,real
0.05000628930817612,0.0568364779874214,0.7914025157232705,0.10144654088050316,real
0.10432344322344317,0.046093406593406584,0.8635842490842485,0.09032234432234436,real
0.09072499999999999,0.03666666666666667,0.9035833333333333,0.05974999999999999,real
-0.30368333333333336,0.11088888888888888,0.8547222222222222,0.034333333333333334,real
0.4158,0.0,0.7025,0.2975,real
-0.027554545454545446,0.02390909090909091,0.9134545454545454,0.06272727272727273,real
0.32261818181818186,0.010818181818181817,0.8596363636363636,0.12954545454545455,real
0.0,0.057,0.8825,0.0605,real
0.28866923076923073,0.03788461538461538,0.8493076923076923,0.11276923076923076,real
0.4749833333333333,0.0,0.7735,0.2265,real
0.2841,0.0268,0.8640000000000001,0.1092,real
-0.2273711790393014,0.11289956331877732,0.8586244541484718,0.02847161572052402,real
0.23090000000000005,0.013428571428571429,0.8982857142857142,0.08828571428571429,real
0.26864344569288373,0.028067415730337084,0.8666966292134833,0.10523220973782774,real
0.3182,0.0,0.887,0.113,real
0.06757,0.040799999999999996,0.8476333333333331,0.11156666666666666,real
0.4158,0.0,0.7025,0.2975,real
0.05607687400318981,0.07774641148325359,0.809075757575757,0.11317145135566174,real
0.014459712230215827,0.0943525179856115,0.7845611510791364,0.12109352517985615,real
-0.12768958333333333,0.148625,0.7615833333333334,0.08979166666666667,real
0.0,0.0,1.0,0.0,real
0.06549999999999999,0.06533333333333334,0.8523333333333333,0.08233333333333333,real
0.15084354838709685,0.0362225806451613,0.8465580645161285,0.11722903225806447,real
0.24423333333333333,0.0,0.9214999999999999,0.0785,real
0.34,0.0,0.455,0.545,real
0.19677179487179491,0.009923076923076923,0.9037179487179486,0.08635897435897437,real
-0.3559809523809524,0.1856904761904762,0.7371666666666667,0.07716666666666666,real
0.04626691042047539,0.06852285191956128,0.831778793418647,0.09969469835466183,real
0.2688333333333333,0.0,0.867,0.133,real
0.12965435540069684,0.09852264808362372,0.7526829268292682,0.14878745644599317,real
0.29163333333333336,0.015666666666666666,0.8986666666666666,0.08566666666666667,real
-0.11373137254901962,0.06862745098039215,0.8968431372549022,0.03458823529411765,real
0.16955111111111115,0.041244444444444445,0.8507111111111111,0.10800000000000001,real
0.052493096646942766,0.06809664694280085,0.8336765285996054,0.09822485207100588,real
0.31435476190476186,0.05016666666666667,0.7548333333333332,0.19500000000000003,real
0.10640476190476195,0.08614285714285715,0.7901111111111112,0.12379365079365076,real
0.03764867724867726,0.017195767195767195,0.9566349206349211,0.02618518518518518,real
0.07955,0.0,0.8915,0.1085,real
0.01905,0.0,0.97725,0.02275,real
-0.036425,0.08546875000000001,0.8302812500000002,0.08424999999999999,real
0.357602380952381,0.007214285714285716,0.8886666666666666,0.10407142857142856,real
-0.07974772727272728,0.1268181818181818,0.7966363636363636,0.07654545454545457,real
0.0,0.0,1.0,0.0,real
0.0,0.0,1.0,0.0,real
0.07955,0.0,0.8915,0.1085,real
0.0627,0.04008695652173913,0.9170869565217391,0.042782608695652175,real
0.0,0.0,1.0,0.0,real
0.20927352941176475,0.04823529411764707,0.8459117647058824,0.10579411764705884,real
0.03558749999999999,0.03879166666666667,0.8019583333333333,0.07591666666666667,real
0.4019,0.0,0.926,0.074,real
0.7717,0.0,0.769,0.231,real
-0.009458536585365851,0.044341463414634144,0.9160975609756098,0.03960975609756098,real
0.20095,0.0,0.635,0.365,real
-0.20042500000000002,0.05525,0.92775,0.01675,real
0.5119777777777779,0.0,0.7587222222222221,0.2412777777777778,real
0.10175714285714285,0.07757142857142858,0.8066428571428572,0.1157142857142857,real
0.04626691042047539,0.06852285191956128,0.831778793418647,0.09969469835466183,real
0.1678911764705882,0.04402941176470588,0.8669411764705882,0.0891764705882353,real
0.09531268174474933,0.05246445880452344,0.8229192245557343,0.12462035541195479,real
0.052709134615384616,0.011096153846153846,0.953168269230769,0.035745192307692304,real
0.0,0.0,1.0,0.0,real
0.12738470588235296,0.037635294117647065,0.8631882352941174,0.0991852941176471,real
0.08767656249999999,0.023390624999999998,0.9154062499999996,0.061250000000000006,real
-0.14863333333333337,0.07885714285714285,0.8756190476190475,0.045476190476190476,real
0.05423245341614909,0.05817857142857139,0.8558260869565214,0.08599689440993787,real
0.30321428571428566,0.0166,0.8611714285714286,0.12222857142857144,real
0.023158333333333326,0.10010416666666665,0.7753333333333333,0.12460416666666667,real
0.0,0.0,1.0,0.0,real
0.16846048387096782,0.059040322580645156,0.8217741935483871,0.11916935483870968,real
0.054416546762589925,0.0579928057553957,0.8547697841726621,0.08723021582733813,real
0.20095,0.0,0.635,0.365,real
0.02530606060606061,0.056,0.8455757575757575,0.09845454545454548,real
0.039775,0.0,0.985125,0.014875,real
0.08429647887323943,0.06107042253521127,0.8473169014084502,0.0916197183098592,real
-0.08974415584415578,0.09623376623376624,0.8439480519480519,0.05984415584415585,real
-0.2048533333333333,0.12093333333333332,0.8064000000000001,0.07275555555555556,real
0.15882500000000002,0.03464285714285714,0.9038571428571428,0.061464285714285714,real
0.0,0.0,1.0,0.0,real
0.5582,0.03025,0.72925,0.24074999999999996,real
0.12855555555555556,0.09611111111111112,0.7698148148148148,0.13414814814814813,real
0.18442666666666666,0.04006666666666667,0.8708000000000001,0.08913333333333334,real
-0.12338648648648648,0.11281981981981987,0.8219099099099095,0.06525225225225224,real
-0.1531,0.182,0.693,0.124,real
0.18006779661016942,0.09528813559322034,0.72428813559322,0.1804576271186441,real
0.07955,0.0,0.8915,0.1085,real
0.10345141921397367,0.04956768558951967,0.8454847161572053,0.10495414847161572,real
0.20095,0.0,0.635,0.365,real
-0.012786407766990285,0.08501941747572817,0.8398834951456309,0.07506796116504856,real
0.0,0.0,1.0,0.0,real
0.1101,0.0,0.983,0.017,real
0.11119492868462742,0.04401267828843108,0.8504706814580036,0.10550713153724252,real
0.5523333333333333,0.0,0.7563333333333334,0.24366666666666667,real
0.13764938650306738,0.046539877300613486,0.8431012269938645,0.11037269938650308,real
0.228825,0.03275,0.8005,0.16675,real
0.105375,0.0,0.94675,0.05325,real
0.0,0.0,1.0,0.0,real
0.26571,0.01375,0.8192333333333334,0.16699999999999995,real
-0.1298818181818182,0.06363636363636364,0.8993636363636363,0.037000000000000005,real
0.4158,0.0,0.7025,0.2975,real
0.0863096428571429,0.07122142857142856,0.8201249999999992,0.10863928571428569,real
0.10275000000000001,0.08613888888888889,0.7819444444444442,0.1318888888888889,real
0.2072971014492755,0.0535217391304348,0.8297536231884058,0.11676811594202899,real
0.1456521739130435,0.019304347826086955,0.896,0.08469565217391305,real
0.1456521739130435,0.019304347826086955,0.896,0.08469565217391305,real
0.19056060606060612,0.00784848484848485,0.9203636363636366,0.07178787878787878,real
0.13621632653061225,0.05906122448979592,0.800795918367347,0.14014285714285715,real
0.06446349206349208,0.05809523809523812,0.851777777777778,0.09012063492063492,real
0.19288666666666668,0.037200000000000004,0.8746666666666666,0.08826666666666666,real
-0.06322,0.24860000000000002,0.6836,0.0676,real
-0.10237826086956522,0.05191304347826087,0.8919999999999999,0.05604347826086956,real
0.22454000000000005,0.05797142857142857,0.7960571428571428,0.14594285714285715,real
0.13486666666666666,0.0,0.93,0.07,real
0.2672,0.0,0.9390000000000001,0.061,real
0.0,0.0,1.0,0.0,real
0.06294579439252336,0.07993457943925235,0.8266728971962619,0.09337383177570097,real
-0.029303999999999986,0.07672000000000001,0.8403599999999999,0.08288000000000001,real
0.24886701030927832,0.04388659793814433,0.8233608247422678,0.13277319587628866,real
0.2087179487179487,0.03082051282051282,0.8645128205128207,0.10466666666666669,real
0.07007999999999999,0.0918,0.8116,0.09659999999999999,real
0.16165266666666683,0.041273333333333335,0.8393466666666664,0.11940666666666672,real
0.4158,0.0,0.7025,0.2975,real
0.09531268174474933,0.05246445880452344,0.8229192245557343,0.12462035541195479,real
0.09723596837944656,0.03248616600790514,0.8639644268774703,0.10354940711462453,real
0.08715490196078435,0.05494117647058824,0.8164901960784312,0.08931372549019609,real
0.07955,0.0,0.8915,0.1085,real
0.16693846153846154,0.04384615384615384,0.8743846153846154,0.08176923076923076,real
0.34,0.0,0.455,0.545,real
0.298,0.005222222222222222,0.9139999999999999,0.08077777777777778,real
-0.0733142857142857,0.10214285714285713,0.7618571428571429,0.13599999999999998,real
0.17438333333333333,0.022000000000000002,0.7558333333333332,0.055499999999999994,real
0.07955,0.0,0.8915,0.1085,real
0.06915615550755938,0.06016630669546433,0.8457365010799134,0.09409287257019439,real
0.20095,0.0,0.635,0.365,real
-0.09641381578947367,0.06468421052631579,0.8941052631578948,0.041217105263157895,real
0.0,0.0,1.0,0.0,real
0.4158,0.0,0.7025,0.2975,real
0.05469406779661015,0.06434745762711865,0.8362966101694919,0.08244067796610169,real
0.14272678571428568,0.06353571428571428,0.819160714285714,0.11726785714285716,real
0.8225,0.0,0.771,0.229,real
0.12831833910034607,0.025276816608996534,0.878692041522491,0.09604152249134953,real
0.07955,0.0,0.8915,0.1085,real
0.0647621568627451,0.059849019607843106,0.8400274509803922,0.10012352941176465,real
0.02457272727272726,0.09542780748663103,0.784133689839572,0.12041176470588237,real
0.4158,0.0,0.7025,0.2975,real
0.0,0.0,1.0,0.0,real
0.000770804597701161,0.08682298850574716,0.8197287356321838,0.09345747126436778,real
0.07955,0.0,0.8915,0.1085,real
0.184775,0.0,0.8304999999999999,0.16949999999999998,real
-0.0006258823529411637,0.07908235294117649,0.8439294117647058,0.07698823529411765,real
0.85425,0.0,0.5565,0.4435,real
0.20121931034482757,0.052744827586206904,0.7972137931034486,0.15002413793103456,real
0.2081263157894737,0.02294736842105263,0.8784999999999998,0.09852631578947368,real
0.25326176470588235,0.028382352941176473,0.8941764705882351,0.07738235294117646,real
0.058383333333333336,0.027833333333333335,0.7591666666666667,0.04633333333333334,real
0.15526501650164998,0.06571617161716169,0.7983498349834987,0.13593399339933998,real
0.11256923076923077,0.033,0.9164615384615384,0.05061538461538462,real
0.19326666666666667,0.0,0.9543333333333334,0.04566666666666667,real
0.10339008714596937,0.04945315904139436,0.8449967320261439,0.10555882352941175,real
-0.33525,0.1045,0.8955,0.0,real
0.4158,0.0,0.7025,0.2975,real
0.12975071770334928,0.05977511961722487,0.8153157894736841,0.12488516746411488,real
-0.004102499999999988,0.077625,0.8689,0.05345,real
-0.3182,0.172,0.737,0.091,real
0.04952916666666667,0.0638125,0.8658541666666667,0.07033333333333333,real
0.5267,0.0,0.805,0.195,real
0.20095,0.0,0.635,0.365,real
-0.21225555555555556,0.1461851851851852,0.7583333333333333,0.09551851851851854,real
0.4158,0.0,0.7025,0.2975,real
0.1870521739130435,0.02339130434782609,0.8911304347826087,0.08552173913043479,real
0.0,0.0,1.0,0.0,real
-0.39080000000000004,0.14966666666666667,0.7023333333333334,0.148,real
0.09386999999999998,0.018133333333333335,0.9297333333333332,0.05213333333333334,real
0.46435,0.014,0.8654999999999999,0.1205,real
-0.0643032258064516,0.07729032258064518,0.8593548387096772,0.06338709677419356,real
0.1137965217391306,0.04114782608695652,0.8467855072463766,0.11206086956521744,real
0.10606666666666666,0.0,0.8553333333333333,0.14466666666666667,real
0.08756685082872925,0.041701657458563544,0.9026629834254144,0.05561878453038673,real
0.4019,0.0,0.926,0.074,real
0.05488918918918919,0.07281081081081081,0.8439729729729729,0.08321621621621623,real
0.0506049295774648,0.05232746478873239,0.8557693661971832,0.09191021126760564,real
0.1278666666666664,0.0419935275080906,0.8396925566343041,0.11831067961165044,real
0.37343333333333334,0.0,0.878,0.122,real
0.0077878787878787985,0.09763636363636362,0.778121212121212,0.12433333333333335,real
0.0,0.0,1.0,0.0,real
0.03222272727272726,0.08052272727272727,0.7976590909090908,0.12186363636363637,real
0.04448942115768464,0.06792814371257481,0.8423792415169659,0.08969261477045903,real
0.20095,0.0,0.635,0.365,real
0.09325327433628314,0.04125486725663716,0.8545398230088498,0.10420353982300888,real
-0.08405897435897434,0.07517948717948718,0.844474358974359,0.08035897435897436,real
0.5994,0.0,0.9,0.1,real
0.20095,0.0,0.635,0.365,real
